<?xml version="1.0" encoding="UTF-8"?>
<metadata xml:lang="en"><Esri><CreaDate>20151023</CreaDate><CreaTime>10530600</CreaTime><ArcGISFormat>1.0</ArcGISFormat><SyncOnce>TRUE</SyncOnce><DataProperties><itemProps><itemLocation><linkage Sync="TRUE">file://\\BHAM-INTERNGIS\E\CPF\BC_Eco_Reserves\commondata\ecological_reserves\BC_Eco_Reserves</linkage><protocol Sync="TRUE">Local Area Network</protocol></itemLocation></itemProps><copyHistory><copy source="E:\CPF\GIS_Data\BC\Ecological Reserves\BC_Eco_Reserves" dest="\\BHAM-INTERNGIS\E\CPF\BC_Eco_Reserves\commondata\ecological_reserves\BC_Eco_Reserves" date="20151023" time="10530600"></copy></copyHistory></DataProperties></Esri></metadata>
